{"path": "shots/0001.jpg", "pids": [], "filepath": null}
{"path": "shots/0002.jpg", "pids": [], "filepath": null}
{"path": "curtain/1737102671.15.curtain.log", "pids": [], "filepath": "C:\\curtain.log"}
{"path": "sysmon/1737102671.34.sysmon.xml", "pids": [], "filepath": "C:\\sysmon.xml"}
{"path": "files/8d018639281b33da_errorpagetemplate[1]", "pids": [496], "filepath": "C:\\Users\\Administrator\\AppData\\Local\\Microsoft\\Windows\\Temporary Internet Files\\Content.IE5\\06TBGUWK\\ErrorPageTemplate[1]"}
{"path": "files/46e019fa34465f4e_httperrorpagesscripts[1]", "pids": [496], "filepath": "C:\\Users\\Administrator\\AppData\\Local\\Microsoft\\Windows\\Temporary Internet Files\\Content.IE5\\J35T6G2Q\\httpErrorPagesScripts[1]"}
{"path": "shots/0003.jpg", "pids": [], "filepath": null}
{"path": "files/9466d620dc57835a_errorpagestrings[1]", "pids": [496], "filepath": "C:\\Users\\Administrator\\AppData\\Local\\Microsoft\\Windows\\Temporary Internet Files\\Content.IE5\\Z4UAXNXC\\errorPageStrings[1]"}
{"path": "files/bee0439fcf31de76_navcancl[1]", "pids": [496], "filepath": "C:\\Users\\Administrator\\AppData\\Local\\Microsoft\\Windows\\Temporary Internet Files\\Content.IE5\\9I3ULGK5\\navcancl[1]"}
{"path": "files/1471693be91e53c2_background_gradient[1]", "pids": [496], "filepath": "C:\\Users\\Administrator\\AppData\\Local\\Microsoft\\Windows\\Temporary Internet Files\\Content.IE5\\Z4UAXNXC\\background_gradient[1]"}
{"path": "files/1d8e5fd3c1fd384c_bullet[1]", "pids": [496], "filepath": "C:\\Users\\Administrator\\AppData\\Local\\Microsoft\\Windows\\Temporary Internet Files\\Content.IE5\\06TBGUWK\\bullet[1]"}
{"path": "files/0baac8a466626b61_config.dmc", "pids": [496], "filepath": "C:\\Users\\Administrator\\AppData\\Local\\Temp\\c8abd271-5553-4252-b28c-1b59ea409dd9\\config.dmc"}
{"path": "files/51129c6c98a82ea4_info_48[1]", "pids": [496], "filepath": "C:\\Users\\Administrator\\AppData\\Local\\Microsoft\\Windows\\Temporary Internet Files\\Content.IE5\\9I3ULGK5\\info_48[1]"}
{"path": "files/72ae74bf4b315a5f_dfse59.tmp", "pids": [496], "filepath": "C:\\Users\\Administrator\\AppData\\Local\\Temp\\dfsE59.tmp"}
