{"started_on": {"$dt": "2025-01-17T10:27:22.471265"}, "duration": -1, "sample_id": 5625979, "owner": null, "id": 5782811, "category": "file", "priority": 2, "guest": {"status": "stopped", "name": "win7x6416", "label": "win7x6416", "manager": "VirtualBox", "started_on": "2025-01-17 10:27:59", "shutdown_on": "2025-01-17 10:32:11"}, "clock": {"$dt": "2025-01-17T10:27:22.135404"}, "custom": null, "machine": null, "platform": "windows", "memory": true, "status": "running", "tags": [], "processing": null, "enforce_timeout": false, "completed_on": null, "target": "/srv/cuckoo/cwd/storage/cuckoo-tmp/tmpnSO9Xb/VirusShare_8acf123b9576b7e76c930637ab67f43b", "package": "exe", "route": "internet", "timeout": 30, "submit_id": 5181563, "options": {"procmemdump": "yes", "route": "internet"}, "added_on": {"$dt": "2025-01-17T10:27:22.135436"}}