{"path": "shots/0001.jpg", "pids": [], "filepath": null}
{"path": "shots/0002.jpg", "pids": [], "filepath": null}
{"path": "curtain/1737101231.39.curtain.log", "pids": [], "filepath": "C:\\curtain.log"}
{"path": "sysmon/1737101231.64.sysmon.xml", "pids": [], "filepath": "C:\\sysmon.xml"}
{"path": "files/8d018639281b33da_errorpagetemplate[1]", "pids": [592], "filepath": "C:\\Users\\Administrator\\AppData\\Local\\Microsoft\\Windows\\Temporary Internet Files\\Content.IE5\\W861N6F0\\ErrorPageTemplate[1]"}
{"path": "files/46e019fa34465f4e_httperrorpagesscripts[1]", "pids": [592], "filepath": "C:\\Users\\Administrator\\AppData\\Local\\Microsoft\\Windows\\Temporary Internet Files\\Content.IE5\\F9CGS68Y\\httpErrorPagesScripts[1]"}
{"path": "files/9466d620dc57835a_errorpagestrings[1]", "pids": [592], "filepath": "C:\\Users\\Administrator\\AppData\\Local\\Microsoft\\Windows\\Temporary Internet Files\\Content.IE5\\YKXY50FX\\errorPageStrings[1]"}
{"path": "files/51129c6c98a82ea4_info_48[1]", "pids": [592], "filepath": "C:\\Users\\Administrator\\AppData\\Local\\Microsoft\\Windows\\Temporary Internet Files\\Content.IE5\\W861N6F0\\info_48[1]"}
{"path": "files/bf2193f42d56bc8d_config.dmc", "pids": [592], "filepath": "C:\\Users\\Administrator\\AppData\\Local\\Temp\\67260b06-1fe8-47cb-8436-4de7c2a6c6d0\\config.dmc"}
{"path": "files/1d8e5fd3c1fd384c_bullet[1]", "pids": [592], "filepath": "C:\\Users\\Administrator\\AppData\\Local\\Microsoft\\Windows\\Temporary Internet Files\\Content.IE5\\1WKJNSC4\\bullet[1]"}
{"path": "files/72ae74bf4b315a5f_dfs7081.tmp", "pids": [592], "filepath": "C:\\Users\\Administrator\\AppData\\Local\\Temp\\dfs7081.tmp"}
{"path": "files/bee0439fcf31de76_navcancl[1]", "pids": [592], "filepath": "C:\\Users\\Administrator\\AppData\\Local\\Microsoft\\Windows\\Temporary Internet Files\\Content.IE5\\F9CGS68Y\\navcancl[1]"}
{"path": "files/1471693be91e53c2_background_gradient[1]", "pids": [592], "filepath": "C:\\Users\\Administrator\\AppData\\Local\\Microsoft\\Windows\\Temporary Internet Files\\Content.IE5\\YKXY50FX\\background_gradient[1]"}
{"path": "shots/0003.jpg", "pids": [], "filepath": null}
