{"started_on": {"$dt": "2025-01-17T10:04:21.271931"}, "duration": -1, "sample_id": 5625971, "owner": null, "id": 5782803, "category": "file", "priority": 2, "guest": {"status": "stopped", "name": "win7x6425", "label": "win7x6425", "manager": "VirtualBox", "started_on": "2025-01-17 10:05:20", "shutdown_on": "2025-01-17 10:08:21"}, "clock": {"$dt": "2025-01-17T10:04:12.950651"}, "custom": null, "machine": null, "platform": "windows", "memory": true, "status": "running", "tags": [], "processing": null, "enforce_timeout": false, "completed_on": null, "target": "/srv/cuckoo/cwd/storage/cuckoo-tmp/tmpPbbVJo/VirusShare_4c2fdd9f819d6b551df945c6bf5faec7", "package": "exe", "route": "internet", "timeout": 30, "submit_id": 5181560, "options": {"procmemdump": "yes", "route": "internet"}, "added_on": {"$dt": "2025-01-17T10:04:12.950715"}}