{"path": "shots/0001.jpg", "pids": [], "filepath": null}
{"path": "shots/0002.jpg", "pids": [], "filepath": null}
{"path": "curtain/1737103475.78.curtain.log", "pids": [], "filepath": "C:\\curtain.log"}
{"path": "sysmon/1737103475.98.sysmon.xml", "pids": [], "filepath": "C:\\sysmon.xml"}
{"path": "files/51129c6c98a82ea4_info_48[1]", "pids": [2428], "filepath": "C:\\Users\\Administrator\\AppData\\Local\\Microsoft\\Windows\\Temporary Internet Files\\Content.IE5\\PZWRF9A3\\info_48[1]"}
{"path": "files/1d8e5fd3c1fd384c_bullet[1]", "pids": [2428], "filepath": "C:\\Users\\Administrator\\AppData\\Local\\Microsoft\\Windows\\Temporary Internet Files\\Content.IE5\\EDCVLMVQ\\bullet[1]"}
{"path": "files/bee0439fcf31de76_navcancl[1]", "pids": [2428], "filepath": "C:\\Users\\Administrator\\AppData\\Local\\Microsoft\\Windows\\Temporary Internet Files\\Content.IE5\\QZWG09X8\\navcancl[1]"}
{"path": "files/1471693be91e53c2_background_gradient[1]", "pids": [2428], "filepath": "C:\\Users\\Administrator\\AppData\\Local\\Microsoft\\Windows\\Temporary Internet Files\\Content.IE5\\WYZU3NA0\\background_gradient[1]"}
{"path": "files/9a369ba324ae41ce_config.dmc", "pids": [2428], "filepath": "C:\\Users\\Administrator\\AppData\\Local\\Temp\\ef113705-b7dc-437c-9362-da61ba77da29\\config.dmc"}
{"path": "files/46e019fa34465f4e_httperrorpagesscripts[1]", "pids": [2428], "filepath": "C:\\Users\\Administrator\\AppData\\Local\\Microsoft\\Windows\\Temporary Internet Files\\Content.IE5\\QZWG09X8\\httpErrorPagesScripts[1]"}
{"path": "files/9466d620dc57835a_errorpagestrings[1]", "pids": [2428], "filepath": "C:\\Users\\Administrator\\AppData\\Local\\Microsoft\\Windows\\Temporary Internet Files\\Content.IE5\\EDCVLMVQ\\errorPageStrings[1]"}
{"path": "files/72ae74bf4b315a5f_dfs4260.tmp", "pids": [2428], "filepath": "C:\\Users\\Administrator\\AppData\\Local\\Temp\\dfs4260.tmp"}
{"path": "files/8d018639281b33da_errorpagetemplate[1]", "pids": [2428], "filepath": "C:\\Users\\Administrator\\AppData\\Local\\Microsoft\\Windows\\Temporary Internet Files\\Content.IE5\\PZWRF9A3\\ErrorPageTemplate[1]"}
{"path": "shots/0003.jpg", "pids": [], "filepath": null}
