{"started_on": {"$dt": "2025-01-17T10:41:27.214431"}, "duration": -1, "sample_id": 5625992, "owner": null, "id": 5782825, "category": "file", "priority": 2, "guest": {"status": "stopped", "name": "win7x6422", "label": "win7x6422", "manager": "VirtualBox", "started_on": "2025-01-17 10:41:49", "shutdown_on": "2025-01-17 10:47:44"}, "clock": {"$dt": "2025-01-17T10:40:51.847121"}, "custom": null, "machine": null, "platform": "windows", "memory": true, "status": "running", "tags": [], "processing": null, "enforce_timeout": false, "completed_on": null, "target": "/srv/cuckoo/cwd/storage/cuckoo-tmp/tmpqI2qsw/VirusShare_65b23015f3b67ec35381c0fff4209b21", "package": "exe", "route": "internet", "timeout": 30, "submit_id": 5181585, "options": {"procmemdump": "yes", "route": "internet"}, "added_on": {"$dt": "2025-01-17T10:40:51.847158"}}