{"path": "shots/0001.jpg", "pids": [], "filepath": null}
{"path": "shots/0002.jpg", "pids": [], "filepath": null}
{"path": "curtain/1737107863.16.curtain.log", "pids": [], "filepath": "C:\\curtain.log"}
{"path": "sysmon/1737107863.78.sysmon.xml", "pids": [], "filepath": "C:\\sysmon.xml"}
{"path": "files/1d8e5fd3c1fd384c_bullet[1]", "pids": [216], "filepath": "C:\\Users\\Administrator\\AppData\\Local\\Microsoft\\Windows\\Temporary Internet Files\\Content.IE5\\PVRIA10R\\bullet[1]"}
{"path": "files/72ae74bf4b315a5f_dfsdcd8.tmp", "pids": [216], "filepath": "C:\\Users\\Administrator\\AppData\\Local\\Temp\\dfsDCD8.tmp"}
{"path": "files/51129c6c98a82ea4_info_48[1]", "pids": [216], "filepath": "C:\\Users\\Administrator\\AppData\\Local\\Microsoft\\Windows\\Temporary Internet Files\\Content.IE5\\3Q2QJZ5Z\\info_48[1]"}
{"path": "files/8d018639281b33da_errorpagetemplate[1]", "pids": [216], "filepath": "C:\\Users\\Administrator\\AppData\\Local\\Microsoft\\Windows\\Temporary Internet Files\\Content.IE5\\3Q2QJZ5Z\\ErrorPageTemplate[1]"}
{"path": "files/9466d620dc57835a_errorpagestrings[1]", "pids": [216], "filepath": "C:\\Users\\Administrator\\AppData\\Local\\Microsoft\\Windows\\Temporary Internet Files\\Content.IE5\\JC7PPALU\\errorPageStrings[1]"}
{"path": "files/1471693be91e53c2_background_gradient[1]", "pids": [216], "filepath": "C:\\Users\\Administrator\\AppData\\Local\\Microsoft\\Windows\\Temporary Internet Files\\Content.IE5\\JC7PPALU\\background_gradient[1]"}
{"path": "files/3d9ac38288f504b8_config.dmc", "pids": [216], "filepath": "C:\\Users\\Administrator\\AppData\\Local\\Temp\\ce19703f-d17c-4319-a870-4f84ccb799c3\\config.dmc"}
{"path": "files/bee0439fcf31de76_navcancl[1]", "pids": [216], "filepath": "C:\\Users\\Administrator\\AppData\\Local\\Microsoft\\Windows\\Temporary Internet Files\\Content.IE5\\A1PN023M\\navcancl[1]"}
{"path": "files/46e019fa34465f4e_httperrorpagesscripts[1]", "pids": [216], "filepath": "C:\\Users\\Administrator\\AppData\\Local\\Microsoft\\Windows\\Temporary Internet Files\\Content.IE5\\A1PN023M\\httpErrorPagesScripts[1]"}
