{"started_on": {"$dt": "2025-01-17T11:54:27.462423"}, "duration": -1, "sample_id": 5626007, "owner": null, "id": 5782843, "category": "file", "priority": 2, "guest": {"status": "stopped", "name": "win7x641", "label": "win7x641", "manager": "VirtualBox", "started_on": "2025-01-17 11:54:39", "shutdown_on": "2025-01-17 11:58:20"}, "clock": {"$dt": "2025-01-17T11:54:27.045292"}, "custom": null, "machine": null, "platform": "windows", "memory": true, "status": "running", "tags": [], "processing": null, "enforce_timeout": false, "completed_on": null, "target": "/srv/cuckoo/cwd/storage/cuckoo-tmp/tmpszhfyH/VirusShare_0611ee394f9c236fc5b3197b8c1f3691", "package": "exe", "route": "internet", "timeout": 30, "submit_id": 5181703, "options": {"procmemdump": "yes", "route": "internet"}, "added_on": {"$dt": "2025-01-17T11:54:27.045354"}}