{"path": "shots/0001.jpg", "pids": [], "filepath": null}
{"path": "shots/0002.jpg", "pids": [], "filepath": null}
{"path": "curtain/1737106747.37.curtain.log", "pids": [], "filepath": "C:\\curtain.log"}
{"path": "sysmon/1737106747.55.sysmon.xml", "pids": [], "filepath": "C:\\sysmon.xml"}
{"path": "files/1471693be91e53c2_background_gradient[1]", "pids": [2768], "filepath": "C:\\Users\\Administrator\\AppData\\Local\\Microsoft\\Windows\\Temporary Internet Files\\Content.IE5\\4DE37VMD\\background_gradient[1]"}
{"path": "files/46e019fa34465f4e_httperrorpagesscripts[1]", "pids": [2768], "filepath": "C:\\Users\\Administrator\\AppData\\Local\\Microsoft\\Windows\\Temporary Internet Files\\Content.IE5\\9CV5X2VQ\\httpErrorPagesScripts[1]"}
{"path": "files/72ae74bf4b315a5f_dfsb490.tmp", "pids": [2768], "filepath": "C:\\Users\\Administrator\\AppData\\Local\\Temp\\dfsB490.tmp"}
{"path": "files/1d8e5fd3c1fd384c_bullet[1]", "pids": [2768], "filepath": "C:\\Users\\Administrator\\AppData\\Local\\Microsoft\\Windows\\Temporary Internet Files\\Content.IE5\\FVVK07HD\\bullet[1]"}
{"path": "files/51129c6c98a82ea4_info_48[1]", "pids": [2768], "filepath": "C:\\Users\\Administrator\\AppData\\Local\\Microsoft\\Windows\\Temporary Internet Files\\Content.IE5\\JG9ERFXB\\info_48[1]"}
{"path": "files/8d018639281b33da_errorpagetemplate[1]", "pids": [2768], "filepath": "C:\\Users\\Administrator\\AppData\\Local\\Microsoft\\Windows\\Temporary Internet Files\\Content.IE5\\9CV5X2VQ\\ErrorPageTemplate[1]"}
{"path": "files/9466d620dc57835a_errorpagestrings[1]", "pids": [2768], "filepath": "C:\\Users\\Administrator\\AppData\\Local\\Microsoft\\Windows\\Temporary Internet Files\\Content.IE5\\4DE37VMD\\errorPageStrings[1]"}
{"path": "files/25c8ddc4588ea012_config.dmc", "pids": [2768], "filepath": "C:\\Users\\Administrator\\AppData\\Local\\Temp\\20c9e944-9940-4a80-b8fa-01e320abadb0\\config.dmc"}
{"path": "files/bee0439fcf31de76_navcancl[1]", "pids": [2768], "filepath": "C:\\Users\\Administrator\\AppData\\Local\\Microsoft\\Windows\\Temporary Internet Files\\Content.IE5\\4DE37VMD\\navcancl[1]"}
{"path": "shots/0003.jpg", "pids": [], "filepath": null}
