{"started_on": {"$dt": "2025-01-17T11:36:36.796095"}, "duration": -1, "sample_id": 5626004, "owner": null, "id": 5782839, "category": "file", "priority": 2, "guest": {"status": "stopped", "name": "win7x6428", "label": "win7x6428", "manager": "VirtualBox", "started_on": "2025-01-17 11:36:57", "shutdown_on": "2025-01-17 11:42:24"}, "clock": {"$dt": "2025-01-17T11:35:37.880127"}, "custom": null, "machine": null, "platform": "windows", "memory": true, "status": "running", "tags": [], "processing": null, "enforce_timeout": false, "completed_on": null, "target": "/srv/cuckoo/cwd/storage/cuckoo-tmp/tmphXHWKr/VirusShare_427a1136e5e470964ec6aa3a7bd991f8", "package": "exe", "route": "internet", "timeout": 30, "submit_id": 5181699, "options": {"procmemdump": "yes", "route": "internet"}, "added_on": {"$dt": "2025-01-17T11:35:37.880170"}}