{"path": "shots/0001.jpg", "pids": [], "filepath": null}
{"path": "shots/0002.jpg", "pids": [], "filepath": null}
{"path": "curtain/1737105613.07.curtain.log", "pids": [], "filepath": "C:\\curtain.log"}
{"path": "sysmon/1737105613.3.sysmon.xml", "pids": [], "filepath": "C:\\sysmon.xml"}
{"path": "files/1d8e5fd3c1fd384c_bullet[1]", "pids": [2052], "filepath": "C:\\Users\\Administrator\\AppData\\Local\\Microsoft\\Windows\\Temporary Internet Files\\Content.IE5\\W16KIXNT\\bullet[1]"}
{"path": "files/4f66330fc632eca3_config.dmc", "pids": [2052], "filepath": "C:\\Users\\Administrator\\AppData\\Local\\Temp\\0a65a82e-f3f5-4f4d-80ca-c0f4e67de65f\\config.dmc"}
{"path": "files/1471693be91e53c2_background_gradient[1]", "pids": [2052], "filepath": "C:\\Users\\Administrator\\AppData\\Local\\Microsoft\\Windows\\Temporary Internet Files\\Content.IE5\\9AZA21XN\\background_gradient[1]"}
{"path": "files/46e019fa34465f4e_httperrorpagesscripts[1]", "pids": [2052], "filepath": "C:\\Users\\Administrator\\AppData\\Local\\Microsoft\\Windows\\Temporary Internet Files\\Content.IE5\\BKN1YCLF\\httpErrorPagesScripts[1]"}
{"path": "files/bee0439fcf31de76_navcancl[1]", "pids": [2052], "filepath": "C:\\Users\\Administrator\\AppData\\Local\\Microsoft\\Windows\\Temporary Internet Files\\Content.IE5\\BKN1YCLF\\navcancl[1]"}
{"path": "files/72ae74bf4b315a5f_dfs51cd.tmp", "pids": [2052], "filepath": "C:\\Users\\Administrator\\AppData\\Local\\Temp\\dfs51CD.tmp"}
{"path": "files/8d018639281b33da_errorpagetemplate[1]", "pids": [2052], "filepath": "C:\\Users\\Administrator\\AppData\\Local\\Microsoft\\Windows\\Temporary Internet Files\\Content.IE5\\4A6BRP4F\\ErrorPageTemplate[1]"}
{"path": "files/9466d620dc57835a_errorpagestrings[1]", "pids": [2052], "filepath": "C:\\Users\\Administrator\\AppData\\Local\\Microsoft\\Windows\\Temporary Internet Files\\Content.IE5\\W16KIXNT\\errorPageStrings[1]"}
{"path": "files/51129c6c98a82ea4_info_48[1]", "pids": [2052], "filepath": "C:\\Users\\Administrator\\AppData\\Local\\Microsoft\\Windows\\Temporary Internet Files\\Content.IE5\\4A6BRP4F\\info_48[1]"}
{"path": "shots/0003.jpg", "pids": [], "filepath": null}
