{"started_on": {"$dt": "2025-01-17T11:16:17.779914"}, "duration": -1, "sample_id": 5625998, "owner": null, "id": 5782833, "category": "file", "priority": 2, "guest": {"status": "stopped", "name": "win7x6411", "label": "win7x6411", "manager": "VirtualBox", "started_on": "2025-01-17 11:16:23", "shutdown_on": "2025-01-17 11:22:24"}, "clock": {"$dt": "2025-01-17T11:16:08.359078"}, "custom": null, "machine": null, "platform": "windows", "memory": true, "status": "running", "tags": [], "processing": null, "enforce_timeout": false, "completed_on": null, "target": "/srv/cuckoo/cwd/storage/cuckoo-tmp/tmpcD9vah/VirusShare_085de2518f08f8541d71b5e7fead31b4", "package": "exe", "route": "internet", "timeout": 30, "submit_id": 5181695, "options": {"procmemdump": "yes", "route": "internet"}, "added_on": {"$dt": "2025-01-17T11:16:08.359120"}}