{"started_on": {"$dt": "2025-01-17T08:59:32.090316"}, "duration": -1, "sample_id": 5625923, "owner": null, "id": 5782748, "category": "file", "priority": 2, "guest": {"status": "stopped", "name": "win7x6428", "label": "win7x6428", "manager": "VirtualBox", "started_on": "2025-01-17 08:59:32", "shutdown_on": "2025-01-17 09:04:18"}, "clock": {"$dt": "2025-01-17T08:59:20.748253"}, "custom": null, "machine": null, "platform": "windows", "memory": true, "status": "running", "tags": [], "processing": null, "enforce_timeout": false, "completed_on": null, "target": "/srv/cuckoo/cwd/storage/cuckoo-tmp/tmp6A9ltd/VirusShare_0a426257e0f45255f4a7366c6e0a309e", "package": "exe", "route": "internet", "timeout": 30, "submit_id": 5181541, "options": {"procmemdump": "yes", "route": "internet"}, "added_on": {"$dt": "2025-01-17T08:59:20.748305"}}