{"path": "files/e3b0c44298fc1c14_nsd569.tmp", "pids": [], "filepath": "C:\\Users\\Administrator\\AppData\\Local\\Temp\\nsd569.tmp"}
{"path": "shots/0001.jpg", "pids": [], "filepath": null}
{"path": "curtain/1737099255.43.curtain.log", "pids": [], "filepath": "C:\\curtain.log"}
{"path": "sysmon/1737099255.62.sysmon.xml", "pids": [], "filepath": "C:\\sysmon.xml"}
{"path": "files/54ca82234cb0c143_nethtsrv.exe", "pids": [636], "filepath": "C:\\Windows\\SysWOW64\\nethtsrv.exe"}
{"path": "files/046038867a09cecb_hfnapi.dll", "pids": [636], "filepath": "C:\\Windows\\SysWOW64\\hfnapi.dll"}
{"path": "files/dc58d8ad81cacb0c_system.dll", "pids": [636], "filepath": "C:\\Users\\Administrator\\AppData\\Local\\Temp\\nsy684.tmp\\System.dll"}
{"path": "files/187a9b34dffc8e03_ver.xml", "pids": [636], "filepath": "C:\\Program Files (x86)\\Common Files\\Config\\ver.xml"}
{"path": "files/0b979aee0ea5a731_uninstinethnfd.exe", "pids": [636], "filepath": "C:\\Program Files (x86)\\Common Files\\Config\\uninstinethnfd.exe"}
{"path": "files/168a974eaa3f588d_nsexec.dll", "pids": [636], "filepath": "C:\\Users\\Administrator\\AppData\\Local\\Temp\\nsy684.tmp\\nsExec.dll"}
{"path": "files/73fe851cac16bbe9_data.xml", "pids": [636], "filepath": "C:\\Program Files (x86)\\Common Files\\Config\\data.xml"}
{"path": "files/e15dd540e8a27456_hfpapi.dll", "pids": [636], "filepath": "C:\\Windows\\SysWOW64\\hfpapi.dll"}
{"path": "files/64f9455934980adf_installd.exe", "pids": [636], "filepath": "C:\\Windows\\SysWOW64\\installd.exe"}
{"path": "files/8314a21d431135a5_netupdsrv.exe", "pids": [636], "filepath": "C:\\Windows\\SysWOW64\\netupdsrv.exe"}
