{"category": "regkey_written", "args": ["HKEY_LOCAL_MACHINE\\SOFTWARE\\Wow6432Node\\Client\\cid", "REG_SZ", "6919"], "type": "reboot", "time": 17}
{"category": "regkey_written", "args": ["HKEY_LOCAL_MACHINE\\SOFTWARE\\Wow6432Node\\Client\\cname", "REG_SZ", "draziWsreffO"], "type": "reboot", "time": 17}
{"category": "regkey_written", "args": ["HKEY_LOCAL_MACHINE\\SOFTWARE\\Wow6432Node\\Client\\i", "REG_SZ", "20250117145129"], "type": "reboot", "time": 17}
{"category": "regkey_written", "args": ["HKEY_LOCAL_MACHINE\\SOFTWARE\\Wow6432Node\\Client\\sid", "REG_SZ", "00000000000000000000000000000000"], "type": "reboot", "time": 17}
{"category": "regkey_written", "args": ["HKEY_LOCAL_MACHINE\\SOFTWARE\\Wow6432Node\\Microsoft\\Windows\\CurrentVersion\\Uninstall\\inethnfd\\DisplayIcon", "REG_SZ", "%C:\\Program Files (x86)\\Common Files\\Config\\uninstinethnfd.exe"], "type": "reboot", "time": 17}
{"category": "regkey_written", "args": ["HKEY_LOCAL_MACHINE\\SOFTWARE\\Wow6432Node\\Microsoft\\Windows\\CurrentVersion\\Uninstall\\inethnfd\\DisplayName", "REG_SZ", "OffersWizard Network System Driver"], "type": "reboot", "time": 17}
{"category": "regkey_written", "args": ["HKEY_LOCAL_MACHINE\\SOFTWARE\\Wow6432Node\\Microsoft\\Windows\\CurrentVersion\\Uninstall\\inethnfd\\DisplayVersion", "REG_SZ", "1.0.0.3001"], "type": "reboot", "time": 17}
{"category": "regkey_written", "args": ["HKEY_LOCAL_MACHINE\\SOFTWARE\\Wow6432Node\\Microsoft\\Windows\\CurrentVersion\\Uninstall\\inethnfd\\InstalledBy", "REG_SZ", ""], "type": "reboot", "time": 17}
{"category": "regkey_written", "args": ["HKEY_LOCAL_MACHINE\\SOFTWARE\\Wow6432Node\\Microsoft\\Windows\\CurrentVersion\\Uninstall\\inethnfd\\NoModify", "REG_DWORD", 1], "type": "reboot", "time": 17}
{"category": "regkey_written", "args": ["HKEY_LOCAL_MACHINE\\SOFTWARE\\Wow6432Node\\Microsoft\\Windows\\CurrentVersion\\Uninstall\\inethnfd\\NoRepair", "REG_DWORD", 1], "type": "reboot", "time": 17}
{"category": "regkey_written", "args": ["HKEY_LOCAL_MACHINE\\SOFTWARE\\Wow6432Node\\Microsoft\\Windows\\CurrentVersion\\Uninstall\\inethnfd\\Publisher", "REG_SZ", ""], "type": "reboot", "time": 17}
{"category": "regkey_written", "args": ["HKEY_LOCAL_MACHINE\\SOFTWARE\\Wow6432Node\\Microsoft\\Windows\\CurrentVersion\\Uninstall\\inethnfd\\QuietUninstallString", "REG_SZ", "\"C:\\Program Files (x86)\\Common Files\\Config\\uninstinethnfd.exe\" /S"], "type": "reboot", "time": 17}
{"category": "regkey_written", "args": ["HKEY_LOCAL_MACHINE\\SOFTWARE\\Wow6432Node\\Microsoft\\Windows\\CurrentVersion\\Uninstall\\inethnfd\\URLInfoAbout", "REG_SZ", ""], "type": "reboot", "time": 17}
{"category": "regkey_written", "args": ["HKEY_LOCAL_MACHINE\\SOFTWARE\\Wow6432Node\\Microsoft\\Windows\\CurrentVersion\\Uninstall\\inethnfd\\URLUpdateInfo", "REG_SZ", ""], "type": "reboot", "time": 17}
{"category": "regkey_written", "args": ["HKEY_LOCAL_MACHINE\\SOFTWARE\\Wow6432Node\\Microsoft\\Windows\\CurrentVersion\\Uninstall\\inethnfd\\UninstallString", "REG_SZ", "\"C:\\Program Files (x86)\\Common Files\\Config\\uninstinethnfd.exe\""], "type": "reboot", "time": 17}
{"category": "regkey_written", "args": ["HKEY_LOCAL_MACHINE\\SOFTWARE\\Wow6432Node\\Microsoft\\Windows\\CurrentVersion\\Uninstall\\inethnfd\\VersionMajor", "REG_SZ", "1"], "type": "reboot", "time": 17}
{"category": "regkey_written", "args": ["HKEY_LOCAL_MACHINE\\SOFTWARE\\Wow6432Node\\Microsoft\\Windows\\CurrentVersion\\Uninstall\\inethnfd\\VersionMinor", "REG_SZ", "0"], "type": "reboot", "time": 17}
