{"started_on": {"$dt": "2025-01-17T09:31:27.667146"}, "duration": -1, "sample_id": 5625941, "owner": null, "id": 5782770, "category": "file", "priority": 2, "guest": {"status": "stopped", "name": "win7x646", "label": "win7x646", "manager": "VirtualBox", "started_on": "2025-01-17 09:31:52", "shutdown_on": "2025-01-17 09:36:02"}, "clock": {"$dt": "2025-01-17T09:31:27.213401"}, "custom": null, "machine": null, "platform": "windows", "memory": true, "status": "running", "tags": [], "processing": null, "enforce_timeout": false, "completed_on": null, "target": "/srv/cuckoo/cwd/storage/cuckoo-tmp/tmpvtDE5J/VirusShare_0b109c1cb3f6ae1eb5c8d415e9643c07", "package": "exe", "route": "internet", "timeout": 30, "submit_id": 5181550, "options": {"procmemdump": "yes", "route": "internet"}, "added_on": {"$dt": "2025-01-17T09:31:27.213445"}}