{"path": "shots/0001.jpg", "pids": [], "filepath": null}
{"path": "shots/0002.jpg", "pids": [], "filepath": null}
{"path": "curtain/1737100157.52.curtain.log", "pids": [], "filepath": "C:\\curtain.log"}
{"path": "sysmon/1737100157.74.sysmon.xml", "pids": [], "filepath": "C:\\sysmon.xml"}
{"path": "files/1471693be91e53c2_background_gradient[1]", "pids": [2680], "filepath": "C:\\Users\\Administrator\\AppData\\Local\\Microsoft\\Windows\\Temporary Internet Files\\Content.IE5\\NDSW7K6T\\background_gradient[1]"}
{"path": "files/1d8e5fd3c1fd384c_bullet[1]", "pids": [2680], "filepath": "C:\\Users\\Administrator\\AppData\\Local\\Microsoft\\Windows\\Temporary Internet Files\\Content.IE5\\W8RXYR6O\\bullet[1]"}
{"path": "files/46e019fa34465f4e_httperrorpagesscripts[1]", "pids": [2680], "filepath": "C:\\Users\\Administrator\\AppData\\Local\\Microsoft\\Windows\\Temporary Internet Files\\Content.IE5\\G8BRLFGE\\httpErrorPagesScripts[1]"}
{"path": "files/51129c6c98a82ea4_info_48[1]", "pids": [2680], "filepath": "C:\\Users\\Administrator\\AppData\\Local\\Microsoft\\Windows\\Temporary Internet Files\\Content.IE5\\R9ZMCDBW\\info_48[1]"}
{"path": "files/72ae74bf4b315a5f_dfsff39.tmp", "pids": [2680], "filepath": "C:\\Users\\Administrator\\AppData\\Local\\Temp\\dfsFF39.tmp"}
{"path": "files/bee0439fcf31de76_navcancl[1]", "pids": [2680], "filepath": "C:\\Users\\Administrator\\AppData\\Local\\Microsoft\\Windows\\Temporary Internet Files\\Content.IE5\\G8BRLFGE\\navcancl[1]"}
{"path": "files/8d018639281b33da_errorpagetemplate[1]", "pids": [2680], "filepath": "C:\\Users\\Administrator\\AppData\\Local\\Microsoft\\Windows\\Temporary Internet Files\\Content.IE5\\R9ZMCDBW\\ErrorPageTemplate[1]"}
{"path": "files/9466d620dc57835a_errorpagestrings[1]", "pids": [2680], "filepath": "C:\\Users\\Administrator\\AppData\\Local\\Microsoft\\Windows\\Temporary Internet Files\\Content.IE5\\NDSW7K6T\\errorPageStrings[1]"}
{"path": "files/e4f234b11b1dff55_config.dmc", "pids": [2680], "filepath": "C:\\Users\\Administrator\\AppData\\Local\\Temp\\335b999c-8579-4e2c-a3d0-1d71c3ab6068\\config.dmc"}
