{"category": "regkey_written", "args": ["HKEY_CURRENT_USER\\Software\\Microsoft\\GDIPlus\\FontCachePath", "REG_SZ", "C:\\Users\\Administrator\\AppData\\Local"], "type": "reboot", "time": 17}
{"category": "regkey_written", "args": ["HKEY_CURRENT_USER\\Software\\Microsoft\\Windows\\CurrentVersion\\Internet Settings\\Connections\\SavedLegacySettings", "REG_BINARY", "F\u0000\u0000\u0000\r\u0000\u0000\u0000\t\u0000\u0000\u0000\u0000\u0000\u0000\u0000\u0000\u0000\u0000\u0000\u0000\u0000\u0000\u0000\u0004\u0000\u0000\u0000\u0000\u0000\u0000\u0000\u00f0\u00c0\u00997{C\u00d6\u0001\u0000\u0000\u0000\u0000\u0000\u0000\u0000\u0000\u0000\u0000\u0000\u0000\u0001\u0000\u0000\u0000\u0002\u0000\u0000\u0000\u00c0\u00a8\u00a8\u00d0\u0000\u0000\u0000\u0000\u0000\u0000\u0000\u0000\u0000\u0000\u0000\u0000\u0000\u0000\u0000\u0000\u0000\u0000\u0000\u0000\u0000\u0000\u0000\u0000\u0000\u0000\u0000\u0000\u0000\u0000\u0000\u0000\u0000\u0000\u0000\u0000\u0000\u0000\u0000\u0000\u0000\u0000\u0000\u0000\u0000\u0000\u0000\u0000\u0000\u0000\u0000\u0000\u0000\u0000\u0000\u0000\u0000\u0000\u0000\u0000\u0000\u0000\u0000\u0000\u0000\u0000\u0000\u0000\u0000\u0000\u0000\u0000\u0000\u0000\u0000\u0000\u0000\u0000\u0000\u0000\u0000\u0000\u0000\u0000\u0000\u0000\u0000\u0000\u0000\u0000\u0000\u0000\u0000\u0000\u0000\u0000\u0000\u0000\u0000\u0000\u0000\u0000\u0000\u0000\u0000\u0000\u0000\u0000\u0000\u0000\u0000\u0000\u0000\u0000\u0000\u0000\u0000\u0000\u0000\u0000"], "type": "reboot", "time": 17}
{"category": "regkey_written", "args": ["HKEY_CURRENT_USER\\Software\\Microsoft\\Windows\\CurrentVersion\\Internet Settings\\ProxyEnable", "REG_DWORD", 0], "type": "reboot", "time": 17}
{"category": "regkey_written", "args": ["HKEY_CURRENT_USER\\Software\\Microsoft\\Windows\\CurrentVersion\\Internet Settings\\Wpad\\0a-00-27-00-00-00\\WpadDecision", "REG_DWORD", 0], "type": "reboot", "time": 17}
{"category": "regkey_written", "args": ["HKEY_CURRENT_USER\\Software\\Microsoft\\Windows\\CurrentVersion\\Internet Settings\\Wpad\\0a-00-27-00-00-00\\WpadDecision", "REG_DWORD", 0], "type": "reboot", "time": 17}
{"category": "regkey_written", "args": ["HKEY_CURRENT_USER\\Software\\Microsoft\\Windows\\CurrentVersion\\Internet Settings\\Wpad\\0a-00-27-00-00-00\\WpadDecisionReason", "REG_DWORD", 1], "type": "reboot", "time": 17}
{"category": "regkey_written", "args": ["HKEY_CURRENT_USER\\Software\\Microsoft\\Windows\\CurrentVersion\\Internet Settings\\Wpad\\0a-00-27-00-00-00\\WpadDecisionReason", "REG_DWORD", 1], "type": "reboot", "time": 17}
{"category": "regkey_written", "args": ["HKEY_CURRENT_USER\\Software\\Microsoft\\Windows\\CurrentVersion\\Internet Settings\\Wpad\\0a-00-27-00-00-00\\WpadDecisionTime", "REG_BINARY", "\u00faD\u0012%\u00bch\u00db\u0001"], "type": "reboot", "time": 17}
{"category": "regkey_written", "args": ["HKEY_CURRENT_USER\\Software\\Microsoft\\Windows\\CurrentVersion\\Internet Settings\\Wpad\\0a-00-27-00-00-00\\WpadDecisionTime", "REG_BINARY", "\u00faD\u0012%\u00bch\u00db\u0001"], "type": "reboot", "time": 17}
{"category": "regkey_written", "args": ["HKEY_CURRENT_USER\\Software\\Microsoft\\Windows\\CurrentVersion\\Internet Settings\\Wpad\\{092F0E6C-7874-4263-8D41-969F2B667EA2}\\WpadDecision", "REG_DWORD", 0], "type": "reboot", "time": 17}
{"category": "regkey_written", "args": ["HKEY_CURRENT_USER\\Software\\Microsoft\\Windows\\CurrentVersion\\Internet Settings\\Wpad\\{092F0E6C-7874-4263-8D41-969F2B667EA2}\\WpadDecisionReason", "REG_DWORD", 1], "type": "reboot", "time": 17}
{"category": "regkey_written", "args": ["HKEY_CURRENT_USER\\Software\\Microsoft\\Windows\\CurrentVersion\\Internet Settings\\Wpad\\{092F0E6C-7874-4263-8D41-969F2B667EA2}\\WpadDecisionTime", "REG_BINARY", "\u00faD\u0012%\u00bch\u00db\u0001"], "type": "reboot", "time": 17}
{"category": "regkey_written", "args": ["HKEY_CURRENT_USER\\Software\\Microsoft\\Windows\\CurrentVersion\\Internet Settings\\Wpad\\{092F0E6C-7874-4263-8D41-969F2B667EA2}\\WpadNetworkName", "REG_SZ", "Network"], "type": "reboot", "time": 17}
{"category": "regkey_written", "args": ["HKEY_CURRENT_USER\\Software\\Microsoft\\Windows\\CurrentVersion\\Internet Settings\\ZoneMap\\AutoDetect", "REG_DWORD", 1], "type": "reboot", "time": 17}
{"category": "regkey_written", "args": ["HKEY_CURRENT_USER\\Software\\Microsoft\\Windows\\CurrentVersion\\Internet Settings\\ZoneMap\\AutoDetect", "REG_DWORD", 1], "type": "reboot", "time": 17}
{"category": "regkey_written", "args": ["HKEY_CURRENT_USER\\Software\\Microsoft\\Windows\\CurrentVersion\\Internet Settings\\ZoneMap\\AutoDetect", "REG_DWORD", 1], "type": "reboot", "time": 17}
{"category": "regkey_written", "args": ["HKEY_CURRENT_USER\\Software\\Microsoft\\Windows\\CurrentVersion\\Internet Settings\\ZoneMap\\AutoDetect", "REG_DWORD", 1], "type": "reboot", "time": 17}
{"category": "regkey_written", "args": ["HKEY_CURRENT_USER\\Software\\Microsoft\\Windows\\CurrentVersion\\Internet Settings\\ZoneMap\\UNCAsIntranet", "REG_DWORD", 0], "type": "reboot", "time": 17}
{"category": "regkey_written", "args": ["HKEY_CURRENT_USER\\Software\\Microsoft\\Windows\\CurrentVersion\\Internet Settings\\ZoneMap\\UNCAsIntranet", "REG_DWORD", 0], "type": "reboot", "time": 17}
{"category": "regkey_written", "args": ["HKEY_CURRENT_USER\\Software\\Microsoft\\Windows\\CurrentVersion\\Internet Settings\\ZoneMap\\UNCAsIntranet", "REG_DWORD", 0], "type": "reboot", "time": 17}
{"category": "regkey_written", "args": ["HKEY_CURRENT_USER\\Software\\Microsoft\\Windows\\CurrentVersion\\Internet Settings\\ZoneMap\\UNCAsIntranet", "REG_DWORD", 0], "type": "reboot", "time": 17}
{"category": "regkey_written", "args": ["HKEY_LOCAL_MACHINE\\SOFTWARE\\Wow6432Node\\Microsoft\\Tracing\\EnableConsoleTracing", "REG_DWORD", 0], "type": "reboot", "time": 17}
{"category": "regkey_written", "args": ["HKEY_LOCAL_MACHINE\\SOFTWARE\\Wow6432Node\\Microsoft\\Tracing\\VirusShare_3d2ec4d503e282cc0db13d662b92c5e8_RASAPI32\\ConsoleTracingMask", "REG_DWORD", 4294901760], "type": "reboot", "time": 17}
{"category": "regkey_written", "args": ["HKEY_LOCAL_MACHINE\\SOFTWARE\\Wow6432Node\\Microsoft\\Tracing\\VirusShare_3d2ec4d503e282cc0db13d662b92c5e8_RASAPI32\\EnableConsoleTracing", "REG_DWORD", 0], "type": "reboot", "time": 17}
{"category": "regkey_written", "args": ["HKEY_LOCAL_MACHINE\\SOFTWARE\\Wow6432Node\\Microsoft\\Tracing\\VirusShare_3d2ec4d503e282cc0db13d662b92c5e8_RASAPI32\\EnableFileTracing", "REG_DWORD", 0], "type": "reboot", "time": 17}
{"category": "regkey_written", "args": ["HKEY_LOCAL_MACHINE\\SOFTWARE\\Wow6432Node\\Microsoft\\Tracing\\VirusShare_3d2ec4d503e282cc0db13d662b92c5e8_RASAPI32\\FileDirectory", "REG_EXPAND_SZ", "%windir%\\tracing"], "type": "reboot", "time": 17}
{"category": "regkey_written", "args": ["HKEY_LOCAL_MACHINE\\SOFTWARE\\Wow6432Node\\Microsoft\\Tracing\\VirusShare_3d2ec4d503e282cc0db13d662b92c5e8_RASAPI32\\FileTracingMask", "REG_DWORD", 4294901760], "type": "reboot", "time": 17}
{"category": "regkey_written", "args": ["HKEY_LOCAL_MACHINE\\SOFTWARE\\Wow6432Node\\Microsoft\\Tracing\\VirusShare_3d2ec4d503e282cc0db13d662b92c5e8_RASAPI32\\MaxFileSize", "REG_DWORD", 1048576], "type": "reboot", "time": 17}
{"category": "regkey_written", "args": ["HKEY_LOCAL_MACHINE\\SOFTWARE\\Wow6432Node\\Microsoft\\Tracing\\VirusShare_3d2ec4d503e282cc0db13d662b92c5e8_RASMANCS\\ConsoleTracingMask", "REG_DWORD", 4294901760], "type": "reboot", "time": 17}
{"category": "regkey_written", "args": ["HKEY_LOCAL_MACHINE\\SOFTWARE\\Wow6432Node\\Microsoft\\Tracing\\VirusShare_3d2ec4d503e282cc0db13d662b92c5e8_RASMANCS\\EnableConsoleTracing", "REG_DWORD", 0], "type": "reboot", "time": 17}
{"category": "regkey_written", "args": ["HKEY_LOCAL_MACHINE\\SOFTWARE\\Wow6432Node\\Microsoft\\Tracing\\VirusShare_3d2ec4d503e282cc0db13d662b92c5e8_RASMANCS\\EnableFileTracing", "REG_DWORD", 0], "type": "reboot", "time": 17}
{"category": "regkey_written", "args": ["HKEY_LOCAL_MACHINE\\SOFTWARE\\Wow6432Node\\Microsoft\\Tracing\\VirusShare_3d2ec4d503e282cc0db13d662b92c5e8_RASMANCS\\FileDirectory", "REG_EXPAND_SZ", "%windir%\\tracing"], "type": "reboot", "time": 17}
{"category": "regkey_written", "args": ["HKEY_LOCAL_MACHINE\\SOFTWARE\\Wow6432Node\\Microsoft\\Tracing\\VirusShare_3d2ec4d503e282cc0db13d662b92c5e8_RASMANCS\\FileTracingMask", "REG_DWORD", 4294901760], "type": "reboot", "time": 17}
{"category": "regkey_written", "args": ["HKEY_LOCAL_MACHINE\\SOFTWARE\\Wow6432Node\\Microsoft\\Tracing\\VirusShare_3d2ec4d503e282cc0db13d662b92c5e8_RASMANCS\\MaxFileSize", "REG_DWORD", 1048576], "type": "reboot", "time": 17}
{"category": "regkey_deleted", "args": "HKEY_CURRENT_USER\\Software\\Microsoft\\Windows\\CurrentVersion\\Internet Settings\\AutoConfigURL", "type": "reboot", "time": 17}
{"category": "regkey_deleted", "args": "HKEY_CURRENT_USER\\Software\\Microsoft\\Windows\\CurrentVersion\\Internet Settings\\AutoDetect", "type": "reboot", "time": 17}
{"category": "regkey_deleted", "args": "HKEY_CURRENT_USER\\Software\\Microsoft\\Windows\\CurrentVersion\\Internet Settings\\ProxyOverride", "type": "reboot", "time": 17}
{"category": "regkey_deleted", "args": "HKEY_CURRENT_USER\\Software\\Microsoft\\Windows\\CurrentVersion\\Internet Settings\\ProxyServer", "type": "reboot", "time": 17}
{"category": "regkey_deleted", "args": "HKEY_CURRENT_USER\\Software\\Microsoft\\Windows\\CurrentVersion\\Internet Settings\\Wpad\\0a-00-27-00-00-00\\WpadDetectedUrl", "type": "reboot", "time": 17}
{"category": "regkey_deleted", "args": "HKEY_CURRENT_USER\\Software\\Microsoft\\Windows\\CurrentVersion\\Internet Settings\\Wpad\\0a-00-27-00-00-00\\WpadDetectedUrl", "type": "reboot", "time": 17}
{"category": "regkey_deleted", "args": "HKEY_CURRENT_USER\\Software\\Microsoft\\Windows\\CurrentVersion\\Internet Settings\\Wpad\\{092F0E6C-7874-4263-8D41-969F2B667EA2}\\WpadDetectedUrl", "type": "reboot", "time": 17}
{"category": "regkey_deleted", "args": "HKEY_CURRENT_USER\\Software\\Microsoft\\Windows\\CurrentVersion\\Internet Settings\\ZoneMap\\IntranetName", "type": "reboot", "time": 17}
{"category": "regkey_deleted", "args": "HKEY_CURRENT_USER\\Software\\Microsoft\\Windows\\CurrentVersion\\Internet Settings\\ZoneMap\\IntranetName", "type": "reboot", "time": 17}
{"category": "regkey_deleted", "args": "HKEY_CURRENT_USER\\Software\\Microsoft\\Windows\\CurrentVersion\\Internet Settings\\ZoneMap\\IntranetName", "type": "reboot", "time": 17}
{"category": "regkey_deleted", "args": "HKEY_CURRENT_USER\\Software\\Microsoft\\Windows\\CurrentVersion\\Internet Settings\\ZoneMap\\IntranetName", "type": "reboot", "time": 17}
{"category": "regkey_deleted", "args": "HKEY_CURRENT_USER\\Software\\Microsoft\\Windows\\CurrentVersion\\Internet Settings\\ZoneMap\\ProxyBypass", "type": "reboot", "time": 17}
{"category": "regkey_deleted", "args": "HKEY_CURRENT_USER\\Software\\Microsoft\\Windows\\CurrentVersion\\Internet Settings\\ZoneMap\\ProxyBypass", "type": "reboot", "time": 17}
{"category": "regkey_deleted", "args": "HKEY_CURRENT_USER\\Software\\Microsoft\\Windows\\CurrentVersion\\Internet Settings\\ZoneMap\\ProxyBypass", "type": "reboot", "time": 17}
{"category": "regkey_deleted", "args": "HKEY_CURRENT_USER\\Software\\Microsoft\\Windows\\CurrentVersion\\Internet Settings\\ZoneMap\\ProxyBypass", "type": "reboot", "time": 17}
{"category": "regkey_deleted", "args": "HKEY_LOCAL_MACHINE\\SOFTWARE\\Wow6432Node\\Microsoft\\Windows\\CurrentVersion\\Internet Settings\\ZoneMap\\IntranetName", "type": "reboot", "time": 17}
{"category": "regkey_deleted", "args": "HKEY_LOCAL_MACHINE\\SOFTWARE\\Wow6432Node\\Microsoft\\Windows\\CurrentVersion\\Internet Settings\\ZoneMap\\IntranetName", "type": "reboot", "time": 17}
{"category": "regkey_deleted", "args": "HKEY_LOCAL_MACHINE\\SOFTWARE\\Wow6432Node\\Microsoft\\Windows\\CurrentVersion\\Internet Settings\\ZoneMap\\IntranetName", "type": "reboot", "time": 17}
{"category": "regkey_deleted", "args": "HKEY_LOCAL_MACHINE\\SOFTWARE\\Wow6432Node\\Microsoft\\Windows\\CurrentVersion\\Internet Settings\\ZoneMap\\IntranetName", "type": "reboot", "time": 17}
{"category": "regkey_deleted", "args": "HKEY_LOCAL_MACHINE\\SOFTWARE\\Wow6432Node\\Microsoft\\Windows\\CurrentVersion\\Internet Settings\\ZoneMap\\ProxyBypass", "type": "reboot", "time": 17}
{"category": "regkey_deleted", "args": "HKEY_LOCAL_MACHINE\\SOFTWARE\\Wow6432Node\\Microsoft\\Windows\\CurrentVersion\\Internet Settings\\ZoneMap\\ProxyBypass", "type": "reboot", "time": 17}
{"category": "regkey_deleted", "args": "HKEY_LOCAL_MACHINE\\SOFTWARE\\Wow6432Node\\Microsoft\\Windows\\CurrentVersion\\Internet Settings\\ZoneMap\\ProxyBypass", "type": "reboot", "time": 17}
{"category": "regkey_deleted", "args": "HKEY_LOCAL_MACHINE\\SOFTWARE\\Wow6432Node\\Microsoft\\Windows\\CurrentVersion\\Internet Settings\\ZoneMap\\ProxyBypass", "type": "reboot", "time": 17}
