{"started_on": {"$dt": "2025-01-17T09:46:06.368096"}, "duration": -1, "sample_id": 5625954, "owner": null, "id": 5782785, "category": "file", "priority": 2, "guest": {"status": "stopped", "name": "win7x648", "label": "win7x648", "manager": "VirtualBox", "started_on": "2025-01-17 09:46:58", "shutdown_on": "2025-01-17 09:51:02"}, "clock": {"$dt": "2025-01-17T09:45:14.799960"}, "custom": null, "machine": null, "platform": "windows", "memory": true, "status": "running", "tags": [], "processing": null, "enforce_timeout": false, "completed_on": null, "target": "/srv/cuckoo/cwd/storage/cuckoo-tmp/tmpc448ik/VirusShare_3d2ec4d503e282cc0db13d662b92c5e8", "package": "exe", "route": "internet", "timeout": 30, "submit_id": 5181556, "options": {"procmemdump": "yes", "route": "internet"}, "added_on": {"$dt": "2025-01-17T09:45:14.800009"}}