{"started_on": {"$dt": "2025-01-17T12:06:30.093058"}, "duration": -1, "sample_id": 5626012, "owner": null, "id": 5782848, "category": "file", "priority": 2, "guest": {"status": "stopped", "name": "win7x6411", "label": "win7x6411", "manager": "VirtualBox", "started_on": "2025-01-17 12:06:31", "shutdown_on": "2025-01-17 12:10:16"}, "clock": {"$dt": "2025-01-17T12:06:28.402779"}, "custom": null, "machine": null, "platform": "windows", "memory": true, "status": "running", "tags": [], "processing": null, "enforce_timeout": false, "completed_on": null, "target": "/srv/cuckoo/cwd/storage/cuckoo-tmp/tmp8JrkWT/VirusShare_d8ecc13aba2945c22e6a6f92a26d7e01", "package": "exe", "route": "internet", "timeout": 30, "submit_id": 5181706, "options": {"procmemdump": "yes", "route": "internet"}, "added_on": {"$dt": "2025-01-17T12:06:28.402809"}}